timestamp,ACC_0,ACC_1,ACC_2,GYRO_0,GYRO_1,GYRO_2,MAG_0,MAG_1,MAG_2,PRESS,LIGHT,label
1.57051E+14,-2.863591049,-5.664736454,7.948145589,-4.177509516,-0.712638422,-0.772890051,-27.02535981,74.04147337,-99.16541273,1027.997092,2809.310126,1
1.57051E+14,-3.720904439,-4.323531447,9.933009902,0.172010502,-0.006748096,-0.382152546,-26.37504903,74.68606043,-98.62406832,1028.024903,2620.209647,1
1.57051E+14,-9.560304335,-4.233696264,10.3987601,-0.078093212,-0.541933512,0.351210561,-26.11257419,74.69592862,-101.3408323,1028.036271,2381.482394,1
1.57051E+14,2.078768484,-8.568423005,9.294809354,-1.19258409,0.725111187,-0.11903871,-27.51284702,74.65826511,-99.09112814,1028.074102,2117.38715,1
1.57051E+14,-5.085579431,-5.676800484,8.550933154,1.296095355,0.351544677,-0.323758162,-28.7547441,74.24032889,-100.5832765,1028.084137,1855.787336,1
1.57051E+14,-1.698922213,-2.71027731,10.92084899,0.638379823,-0.187543822,-0.144897969,-27.26329962,72.95344621,-100.5926985,1028.094977,1627.225183,1
1.57051E+14,-1.168824638,-6.446148449,10.88264558,-0.378656994,-0.179909971,-0.358895717,-28.18300366,73.03088262,-99.89161988,1028.098899,1462.306504,1
1.57051E+14,-2.411723637,-5.187020286,9.577608623,-0.198094622,-0.214703808,-0.332769665,-27.54865572,72.42431452,-100.604279,1028.082968,1391.617678,1
1.57051E+14,-1.034848553,-6.662023304,7.948964529,-0.073214074,-0.240493489,-0.220973856,-29.00254501,73.23667752,-100.3815517,1028.074695,1428.269552,1
1.57051E+14,-1.133790739,-4.603834459,8.755504243,0.958767033,-0.030611856,-0.108923562,-29.24277488,73.09225655,-100.8299952,1028.074683,1535.726104,1
1.57051E+14,-0.961310677,-4.732719937,7.728814108,0.743463714,-0.0796023,-0.268078692,-29.94903081,71.84716836,-102.8788362,1028.065217,1668.69454,1
1.57051E+14,-1.571766082,-4.267632782,8.776882532,0.90179215,-0.02633671,-0.136006573,-29.71989846,70.37860173,-102.0407363,1028.071494,1781.882063,1
1.57051E+14,-0.993102841,-4.53344625,9.377878804,1.076319454,-0.025822302,-0.052513597,-29.09146431,69.41599328,-103.5795854,1028.075203,1833.235496,1
1.57051E+14,-1.083404139,-3.651268323,9.263227252,1.238167607,-0.069647412,-0.061367224,-29.1612157,68.30345609,-105.3455183,1028.054123,1824.729155,1
1.57051E+14,-1.203083413,-3.26369803,9.991001634,0.783004955,-0.068204281,-0.056026318,-30.42102158,69.0165356,-104.6220301,1028.055,1790.090387,1
1.57051E+14,-1.119464461,-3.997299993,9.525478025,0.404499218,-0.16250288,-0.045764407,-28.88664477,66.65258513,-105.3166618,1028.043271,1763.748772,1
1.57051E+14,-1.336892397,-4.21438763,9.852105176,0.99981681,-0.220474462,-0.224361416,-29.49843838,65.86485601,-106.8980031,1028.047926,1780.103359,1
1.57051E+14,-1.602121002,-3.036407934,10.36048088,0.953155137,-0.296051024,-0.330849194,-28.81645106,65.95157326,-105.6534572,1028.025321,1857.05283,1
1.57051E+14,-0.859339144,-3.287451958,9.784949617,0.67207655,-0.479506034,-0.464395905,-30.1337472,63.93658168,-106.2226558,1028.035828,1968.785549,1
1.57051E+14,-0.883465429,-3.104689205,9.754231703,0.755258606,-0.38892974,-0.503616401,-31.07862313,62.62954732,-107.248128,1028.01512,2082.334093,1
1.57051E+14,-0.790502609,-1.229715509,10.13625577,0.965433408,-0.415675789,-0.392293281,-32.75407959,63.19245197,-109.4189273,1028.011765,2164.731038,1
1.57051E+14,-0.953413588,-2.33101095,9.424175133,0.753099045,-0.290718948,-0.540910437,-31.53934272,61.58417544,-108.3160508,1028.01461,2186.460503,1
1.57051E+14,-0.900722719,-1.255331981,8.016484217,1.142088705,-0.142058243,-0.651418222,-32.76736771,62.00506141,-110.1371412,1028.014129,2160.114781,1
1.57052E+14,-0.895396187,-0.380744172,8.133168156,1.669650165,0.242520131,-0.678741056,-31.00342615,58.57482541,-109.3875386,1028.015003,2126.425466,1
1.57052E+14,-1.160708372,3.598980165,5.915569495,1.594077866,0.597510289,-0.676258569,-32.26135366,56.3338231,-111.7885702,1028.004858,2126.638848,1
1.57052E+14,-2.955974185,3.967717149,4.433183532,0.438053945,1.121680994,-0.213317795,-30.3415947,55.9623303,-112.0641108,1028.006289,2201.91289,1
1.57052E+14,-5.766544928,5.568604363,2.980721364,1.336931274,1.752788272,0.16261889,-29.25071532,54.76854509,-112.4410923,1027.994975,2365.416391,1
1.57052E+14,-4.453627557,10.73813965,0.661966113,0.821617122,2.345113953,0.83602967,-24.18954445,51.79574043,-112.6094697,1027.988625,2562.556785,1
1.57052E+14,-7.772395148,8.151739805,5.004955737,-0.507114812,3.231766719,1.468378198,-23.09999081,53.11899299,-114.6549169,1027.974889,2728.688483,1
1.57052E+14,-8.862844463,5.874659056,8.7369546,-0.193675152,3.35250442,1.747603324,-17.77821686,53.89036989,-112.0443827,1027.953425,2799.165898,1
1.57052E+14,-12.71095158,-3.062241782,6.227342548,-0.567163441,3.785604621,2.119607487,-13.02681504,53.21573571,-113.4788707,1027.932585,2714.473951,1
1.57052E+14,-13.31328904,-16.12428206,1.929004318,0.318921983,3.961030296,1.164907066,-9.375266886,53.95043346,-112.4476403,1027.904424,2483.663839,1
1.57052E+14,-16.1881153,-22.82231712,-0.211707482,-2.281923579,3.878190732,-1.33387876,-3.831345075,56.69267719,-107.9977589,1027.893847,2164.665944,1
1.57052E+14,-19.17487518,-26.8789982,15.25980477,-6.817817264,2.852555323,-3.908879961,-2.764350489,63.98076989,-103.3026524,1027.884552,1816.461799,1
1.57052E+14,-22.15590151,-26.369184,15.53314237,-6.372871427,2.556409334,-5.132727387,-3.290909918,72.93664731,-95.01594919,1027.876392,1498.004862,1
1.57052E+14,-23.52659868,-18.8273211,20.30140715,-7.49832208,0.930707448,-6.75021469,-9.023618351,81.48857639,-86.25395875,1027.824379,1250.340055,1
1.57052E+14,-15.42471866,-16.78796652,18.32742834,-7.166673428,0.196436976,-6.736530549,-15.00829462,86.9487771,-79.62312412,1027.80492,1065.905329,1
1.57052E+14,-10.86673458,-2.298339795,8.281952073,-6.322045756,0.74870594,-5.617705734,-22.03191333,90.83753315,-67.50738634,1027.796122,928.9710426,1
1.57052E+14,-4.215014353,-3.877908717,3.465221023,-5.336990758,0.817223667,-3.60119931,-27.26756153,90.57971713,-63.45056407,1027.795447,823.8075493,1
1.57052E+14,-0.329998816,5.204774177,1.870204831,-1.882578308,0.575146836,-0.031485719,-26.6196408,89.3744069,-57.22356476,1027.82961,735.4633902,1
1.57052E+14,-5.888728729,10.96297681,2.212062465,-0.259644872,1.319928869,4.897090139,-20.61442313,89.14295475,-58.43848394,1027.834597,659.2649536,1
1.57052E+14,-9.740471399,-0.182008397,2.176875967,1.705401005,-0.434301127,7.92501366,-13.392437,90.02214326,-58.81941011,1027.816089,597.8053234,1
1.57052E+14,-9.309377929,-1.965050852,2.379101463,3.499586844,0.234175527,8.143503975,-4.999900184,86.02469868,-65.38620365,1027.794388,553.8307546,1
1.57052E+14,-20.48872279,0.511871413,-3.649396624,-3.560210989,2.995610672,8.289444048,2.583858734,77.64617434,-60.1414639,1027.786852,530.0824161,1
1.57052E+14,-25.98740195,-18.05346948,-7.028358992,-3.72575752,1.756817455,7.851532802,6.847160192,71.82939333,-54.69933804,1027.741965,526.2540248,1
1.57052E+14,-17.48078684,-3.519252112,5.031332031,-0.061847129,-0.158700903,7.590580288,11.38860982,60.13213186,-55.52432983,1027.725139,533.8419641,1
1.57052E+14,-19.08383733,-9.237226804,-5.12530879,-4.494514345,1.413221389,6.147453011,12.108069,51.44419719,-56.22717445,1027.71419,542.9783826,1
1.57052E+14,-11.16904645,-0.502314281,-3.43438402,-2.429964431,0.174576547,4.934117159,10.21896587,44.06869551,-57.94810681,1027.705662,543.7954288,1
1.57052E+14,-12.26746793,5.669496144,3.702169348,-7.166326642,-0.027747196,3.034984718,9.0655985,37.99043301,-62.07623773,1027.705439,528.2513587,1
1.57052E+14,-16.47455452,1.608510857,7.048892392,-3.679882257,-1.18081983,4.391592552,5.543976332,31.42050649,-65.0834575,1027.694018,512.7160167,1
1.57052E+14,-14.90521091,-4.13747528,17.0630617,-4.260538266,-2.850041255,3.940544114,3.196447932,26.69973158,-74.74963725,1027.705913,530.9649885,1
1.57052E+14,-21.2677411,-2.906209825,15.23619174,-2.154255118,-5.477748436,2.215552087,1.17531935,24.22037629,-81.63954135,1027.695542,617.1483468,1
1.57052E+14,-13.01170116,-2.087186207,16.23679834,-1.642893411,-8.543907445,0.037398282,-0.47587551,23.19580078,-90.10837346,1027.695193,805.3894291,1
1.57053E+14,-15.2343096,-9.514882937,15.4467274,-2.585082185,-8.664192435,-2.923573248,-4.020579814,25.78739063,-99.56141327,1027.69099,1110.66214,1
1.57053E+14,-10.77128415,-16.95992631,5.191884132,-1.818182554,-9.639383681,-7.335113246,-5.626409069,30.8877653,-106.6859827,1027.673941,1495.121988,1
1.57053E+14,-5.711130516,-17.81823444,2.560777512,1.901065152,-8.461768084,-9.536068471,-8.917485604,33.74974852,-111.0355647,1027.684821,1911.895489,1
1.57053E+14,-9.770932214,-15.95997278,-0.428726178,3.124966173,-6.433246638,-9.454731347,-8.237437366,35.99845532,-114.2918246,1027.685305,2314.109164,1
1.57053E+14,-11.70716582,-3.533831314,-3.201073011,0.746934943,-6.258963572,-8.199558654,-11.18620278,37.55588866,-113.9928344,1027.674296,2656.524349,1
1.57053E+14,-11.77293984,-7.521150408,1.833509624,-5.979860476,-6.417598804,-7.35476046,-15.25884694,45.74847726,-115.7511852,1027.671542,2916.188648,1
1.57053E+14,-19.37640926,-1.373065028,-6.951573218,-10.55121703,-1.072515462,-4.804926089,-17.59852276,58.63071382,-116.0833163,1027.645369,3086.256958,1
1.57053E+14,-23.53387873,-5.022465481,-4.071703144,-7.088749214,-0.821454486,-3.224539238,-20.68184354,67.01032565,-111.5315147,1027.608994,3160.24221,1
1.57053E+14,-45.0221876,2.407715959,25.69102277,2.507917458,-0.426653308,0.193997406,-19.31614238,67.77808604,-109.7516091,1027.57494,3131.667189,1
1.57053E+14,-19.13654036,9.558447818,13.67486607,-1.44098509,-2.325898729,-2.026607936,-24.09960546,66.53676416,-111.8606004,1027.543994,3001.33682,1
1.57053E+14,5.221548228,-1.496338501,9.765900006,-4.281158857,-1.715147914,-2.181608139,-27.91838463,71.69055273,-105.2047213,1027.592073,2790.227207,1
1.57053E+14,-5.06642935,-8.572191782,8.581476807,-1.549603286,0.181115392,-0.195254788,-26.30505891,73.68460919,-104.5359115,1027.635078,2522.778189,1
1.57053E+14,-3.513452586,-3.026276799,13.44249444,1.725141248,-0.380060846,-0.017302531,-28.42597167,74.36664,-106.5848506,1027.635266,2223.429608,1
1.57053E+14,2.664326846,-4.549484537,7.227032633,-1.410932074,0.338648454,-0.046883551,-26.50155468,74.38098111,-106.379831,1027.654991,1916.610415,1
1.57053E+14,-4.87246954,-7.035731851,10.8725795,-0.345333322,-0.011945338,-0.270660971,-26.8950255,74.0447063,-103.5690287,1027.676942,1626.601823,1
1.57053E+14,-2.569684613,-4.830463408,11.47960154,-0.153354962,-0.330016714,0.042567033,-28.28909142,74.87730559,-103.2730072,1027.675353,1377.578633,1
1.57053E+14,-1.144156572,-5.992072015,10.01650514,-1.020996155,-0.271398418,-0.145668359,-27.06628102,75.01587531,-104.8204908,1027.664265,1193.713298,1
1.57053E+14,-1.079976818,-6.178194967,8.804117355,-0.779261579,-0.401213049,-0.163809502,-27.51393064,74.63856165,-101.3578762,1027.665112,1099.162373,1
1.57053E+14,-1.095594701,-7.153810979,8.238659252,0.03350694,-0.287796466,-0.065319096,-27.46054205,76.79134009,-102.3895497,1027.664902,1105.188486,1
1.57053E+14,-1.702463061,-5.855089942,9.493325496,0.922828336,-0.147862393,-0.099665552,-27.4402486,74.21525559,-102.3121004,1027.675771,1186.899817,1
1.57053E+14,-1.623012756,-5.063286436,9.32676202,0.496451691,-0.242853655,-0.081472068,-29.30672691,74.00861866,-103.6322412,1027.655132,1313.115229,1
1.57053E+14,-1.666223108,-5.565891195,8.894023031,0.13751684,-0.330397174,-0.118333025,-29.7229367,73.93932169,-104.3821645,1027.649416,1452.65358,1
1.57053E+14,-1.103062955,-5.277053783,8.941709408,0.577283069,-0.337106115,-0.051616238,-30.31119399,74.52128777,-103.1044306,1027.636212,1575.892279,1
1.57053E+14,-0.885171728,-5.440658449,8.679474924,0.418054559,-0.208191944,-0.109014717,-31.31080883,73.59133888,-103.5759109,1027.645142,1673.114741,1
1.57053E+14,-1.21294085,-5.090608854,9.286595329,0.503779478,-0.204442568,0.047365121,-29.66878269,72.26497865,-105.595845,1027.640821,1748.35029,1
1.57053E+14,-0.937083391,-5.511193937,9.307290428,0.747047441,-0.154416004,0.084391206,-30.58955854,71.51742322,-104.3712264,1027.63454,1805.90158,1
1.57053E+14,-1.401010493,-4.608805492,9.033202369,0.609555914,-0.25511314,-0.077043066,-30.00599124,70.45475936,-106.6415688,1027.6462,1850.068609,1
1.57053E+14,-1.579435926,-4.950574238,9.236550567,0.399458523,-0.317146113,-0.144393722,-30.96577106,70.65016437,-106.5204265,1027.645951,1884.028719,1
1.57053E+14,-1.084555987,-3.916403457,9.314464598,0.381055744,-0.31254276,-0.125669198,-32.03808072,69.72222408,-106.2434343,1027.634968,1908.099625,1
1.57053E+14,-1.134539817,-3.550555151,8.434036695,0.300733336,-0.310125437,-0.034918344,-31.39651464,68.9619113,-107.4287798,1027.614866,1922.150372,1
1.57054E+14,-1.291407471,-3.965924545,8.745905674,0.630096157,-0.135026329,0.046965264,-30.40941039,68.56853068,-106.3945447,1027.61259,1926.050006,1
1.57054E+14,-2.095768548,-2.448622603,9.700012045,1.011544855,0.100258116,0.015635142,-31.59709863,67.40478988,-109.272143,1027.615816,1920.233682,1
1.57054E+14,-2.29300617,-1.161287192,8.089282623,0.461532273,0.160580385,0.114420779,-30.17311083,67.15211114,-107.9747432,1027.615404,1912.091655,1
1.57054E+14,-2.066706544,4.024954899,4.782252913,0.385169964,0.431431909,0.5984375,-30.64642936,65.61060101,-109.3664691,1027.603858,1913.685611,1
1.57054E+14,-1.833204389,5.773579663,2.886985516,0.252552103,1.164162008,1.253777606,-28.89705206,66.67491377,-109.764416,1027.615122,1937.163807,1
1.57054E+14,-9.482152912,2.240269296,0.887412502,1.583931105,2.517638924,1.746170854,-26.19960816,65.02017741,-110.3229797,1027.583019,1994.624766,1
1.57054E+14,-7.044188172,7.392664995,1.436768495,3.376236142,2.63190652,1.627033415,-20.96840058,60.50383167,-111.5946147,1027.575201,2085.076977,1
1.57054E+14,-10.94608295,9.996057948,9.526637028,1.979417008,3.51330205,1.307893614,-17.56189561,59.83033815,-113.5058617,1027.576451,2176.961154,1
1.57054E+14,-14.21939611,0.661510615,7.570164682,0.207665261,3.948406061,1.760778013,-12.71837023,58.23693269,-111.2751172,1027.535314,2234.362292,1
1.57054E+14,-17.90471503,-8.430958705,2.301970508,-0.300322307,3.928011434,1.277380107,-7.959251124,58.78636831,-110.6085105,1027.515274,2221.365386,1
1.57054E+14,-16.2766103,-6.449950212,0.626636654,-1.392338058,3.806010611,0.095574098,-3.989337574,58.71641461,-106.00687,1027.491553,2105.345411,1
1.57054E+14,-19.27870684,-17.47739751,2.085051692,-2.777202596,4.958873828,-0.890369404,0.247319821,63.24104663,-104.5590762,1027.475363,1895.154859,1
1.57054E+14,-26.60716741,-20.00510044,8.886947557,-4.452341112,4.52553889,-1.860042657,2.706972616,67.3852851,-95.22484922,1027.466522,1628.024845,1
1.57054E+14,-23.54007484,-16.75919719,11.97671403,-4.092237343,2.60573402,-3.125086858,2.609666671,74.76045132,-89.49143035,1027.445308,1341.737817,1
1.57054E+14,-15.25301978,-11.58727681,14.41617062,-2.499148627,1.807822113,-3.071289939,1.736992394,76.3682047,-82.70409851,1027.444268,1074.056466,1
1.57054E+14,-8.306590737,-5.201706398,10.28144658,-2.894414898,1.983353495,-2.373462165,0.49704838,79.95741812,-80.44617688,1027.465848,852.8935834,1
1.57054E+14,-7.521285603,-1.764021786,4.816809793,-1.199989741,2.734718311,-0.733586828,-0.256824081,81.28058989,-74.37609876,1027.465358,680.3913798,1
1.57054E+14,-9.899405469,-3.57464625,4.512001115,-1.053326045,1.51226734,0.740360643,0.896342839,80.22226893,-72.53685495,1027.465316,554.5294088,1
1.57054E+14,-8.264192131,-1.449147599,4.330265887,-0.680924373,1.91549919,1.9981128,2.708579722,79.52914963,-68.82178043,1027.45508,473.2872244,1
1.57054E+14,-9.526902799,-3.321280087,1.748585827,-1.519761978,2.103869681,2.797213702,2.156679906,77.37639177,-66.38540007,1027.46641,434.0854041,1
1.57054E+14,-10.22149175,-2.590146178,0.408063564,-0.804029792,2.052918065,3.403733176,7.663832522,74.15513237,-63.57968269,1027.445412,427.4256675,1
1.57054E+14,-12.02552548,-0.136834283,1.568515095,-0.47184391,1.627109419,3.662987,8.645872266,69.54379631,-62.27296703,1027.436004,439.1376848,1
1.57054E+14,-11.81536693,-3.717303476,-1.550095784,-2.181875535,1.761007217,3.433912224,10.33928689,65.84428718,-59.78960934,1027.425276,454.9633433,1
1.57054E+14,-10.08026806,-2.580253345,-4.051331559,-1.534875155,0.962620354,3.55976098,10.21403382,62.26791397,-56.97180112,1027.415,460.6642087,1
1.57054E+14,-8.471923743,1.691575747,-3.063170476,-2.807677423,0.222087667,3.083402138,12.21185857,56.65484645,-57.5199391,1027.399817,450.690878,1
1.57054E+14,-9.062915492,0.648016097,-2.227717445,-3.985561246,1.257445335,3.636193274,11.73040387,49.81362202,-55.96050028,1027.385376,441.7897734,1
1.57054E+14,-11.97604613,6.436735843,-0.440449665,-5.237874825,0.091099693,3.120375501,10.61325362,43.41202532,-57.51009624,1027.383576,454.2335467,1
1.57054E+14,-10.38994781,2.863414696,0.332796192,-9.068272529,-0.291436776,3.442685652,9.988963154,35.49362519,-64.45331856,1027.383449,508.2948501,1
1.57054E+14,-15.7387613,1.174313104,6.740320245,-4.287879837,-1.847108136,3.371295094,6.733172337,30.52872431,-71.1456693,1027.369774,622.3083985,1
1.57054E+14,-10.62176762,3.847495716,10.01447332,-3.052962865,-4.65280332,2.993262265,5.49373634,25.67074833,-79.35650712,1027.335527,790.4910108,1
1.57055E+14,-12.22400395,-4.511649558,10.91858434,-3.806164722,-4.699399481,1.577451136,4.076404832,25.40440632,-87.95525406,1027.326898,990.7100357,1
1.57055E+14,-14.9459638,-10.60008059,10.72527023,-1.989004429,-5.79381755,-0.516121956,-0.167776156,26.79163543,-95.9088636,1027.315426,1200.522558,1
1.57055E+14,-17.81811175,-8.516104775,8.074199702,0.015487488,-7.329050286,-2.641411313,-0.963331392,29.19525398,-101.9956276,1027.315416,1397.503746,1
1.57055E+14,-15.37510655,-6.379782757,7.512164824,0.151110178,-8.492301241,-5.493180067,-4.165173402,30.30183062,-107.2197607,1027.305911,1568.429345,1
1.57055E+14,-11.87598651,-9.477095057,2.744265703,-0.483283793,-8.308556155,-8.249313622,-6.628272886,34.64317941,-111.2905553,1027.296086,1724.222946,1
1.57055E+14,-9.885629913,-8.147163706,3.651307869,-0.044361462,-7.199790837,-9.612601456,-11.93698734,40.33741087,-115.1158717,1027.29395,1879.72202,1
1.57055E+14,-9.964771011,-5.371017776,2.943880872,-0.824666753,-5.556854887,-9.711791777,-13.84004287,43.66955516,-117.9617286,1027.304585,2049.764035,1
1.57055E+14,-7.777276319,-2.305161555,2.050506946,-2.749620313,-4.463558565,-9.645457354,-18.95988914,47.99012147,-118.9365697,1027.305409,2247.149315,1
1.57055E+14,-8.377694633,-2.374031779,1.439557869,-5.479239936,-2.926974182,-7.516523229,-21.83165036,55.08354087,-117.3370454,1027.310753,2458.748423,1
1.57055E+14,-15.71178201,3.038495004,1.557454673,-4.453132506,-0.24605332,-3.810459134,-24.43060643,60.80057559,-115.7848728,1027.285488,2653.569816,1
1.57055E+14,-13.87205106,5.599887502,3.18898292,-3.51769684,-0.902372897,-1.337583474,-26.89745294,65.82088432,-113.7958222,1027.264526,2800.268931,1
1.57055E+14,-31.17835114,-10.31877075,15.57402927,-3.72491278,-0.7710739,-1.093193777,-28.66384554,68.7290469,-111.9191524,1027.245112,2867.525004,1
1.57055E+14,-18.16363883,2.120414871,7.2693261,0.503187454,-1.350565685,-0.369560295,-29.14983365,69.95756453,-108.4948401,1027.205572,2836.460889,1
1.57055E+14,-3.022411728,3.197194792,10.01981048,-1.708516473,-0.591931543,-1.692510496,-32.26806388,71.96880659,-108.1940432,1027.226503,2720.996823,1
1.57055E+14,-2.248430647,-0.606453129,9.84670918,-1.837272651,0.872858339,-1.307719031,-31.35599056,72.74799993,-107.6639251,1027.244143,2540.393065,1
1.57055E+14,-1.636917157,-0.512461427,11.56553369,0.208137844,0.762920729,-0.904494615,-31.46102945,72.09242415,-106.5036056,1027.258763,2313.909877,1
1.57055E+14,0.092511232,-1.749852854,11.48135214,-0.056194091,0.304163337,-0.396012105,-31.85536805,69.56810688,-106.1380103,1027.275669,2061.389888,1
1.57055E+14,-3.528586702,-0.456838381,8.112252951,0.404617761,-0.811749485,0.532289823,-32.14620862,73.57122227,-105.4475763,1027.27235,1810.129187,1
1.57055E+14,2.716371654,-6.467667273,7.902468909,0.916155857,0.551603905,-0.561107035,-31.56230826,69.67149769,-106.5188283,1027.296829,1592.578281,1
1.57055E+14,-3.669227579,-1.627466064,8.17943034,1.755729943,0.520233088,-0.141503233,-29.3457956,69.6341832,-109.1183469,1027.305406,1441.290546,1
1.57055E+14,-0.839216335,-3.311302464,7.944448423,0.204670359,0.139847125,0.03246342,-31.20297589,67.80842011,-109.7036005,1027.306676,1388.78532,1
1.57055E+14,-1.852265222,-2.075288687,7.366435281,1.112155792,0.381604905,0.137035158,-30.39312832,67.42281229,-109.4799626,1027.306152,1449.288701,1
1.57055E+14,-1.814812101,-0.750010633,8.508339894,1.414578706,0.363524424,0.430987036,-30.52878,66.02623688,-111.0717077,1027.285272,1588.608035,1
1.57055E+14,-2.339529217,0.31017344,9.117608608,1.13174581,0.490580364,0.666318031,-28.52893555,66.07481416,-111.8321921,1027.275467,1764.631284,1
1.57055E+14,-3.864788372,0.519409267,9.798579951,0.461602175,0.358870703,0.919882966,-27.70106466,64.07068979,-112.1676838,1027.255913,1935.246411,1
1.57055E+14,-3.161106859,-1.020487615,8.712386877,-0.238880214,0.194212212,1.031773501,-27.98036807,64.45621635,-111.1964565,1027.245364,2060.794265,1
1.57055E+14,-3.30752709,-2.344316819,9.467956014,-0.197882302,0.329323738,0.989720891,-26.51521221,63.7665142,-110.9154617,1027.247889,2132.018084,1
1.57055E+14,-3.428719849,-3.458690534,9.343449516,-0.414743741,0.493699358,0.859219084,-25.49062735,64.80916449,-111.7136216,1027.256392,2160.210714,1
1.57055E+14,-3.771059813,-3.880180487,9.467302882,0.05294043,0.5613461,0.596788876,-24.84834824,64.96944146,-111.235401,1027.256478,2157.05207,1
1.57055E+14,-2.701717128,-3.299849169,9.817236054,-0.213156881,0.338694697,0.498000657,-25.05820221,65.03336953,-110.8383352,1027.245356,2134.210435,1
1.57056E+14,-2.97095253,-3.356501937,9.895370656,-0.388120953,0.299652653,0.380985168,-23.26261747,64.68195436,-108.3626011,1027.245321,2099.632262,1
1.57056E+14,-3.647778362,-3.619421285,10.13571312,-1.021740791,0.014656321,0.356775364,-23.57858303,66.06719938,-110.471286,1027.241869,2052.237596,1
1.57056E+14,-2.576597233,-4.475917587,9.085720146,-2.707630328,-0.26655632,-0.15585968,-24.42144985,69.57047421,-108.10442,1027.235289,1989.604704,1
1.57056E+14,-3.771667597,-5.492501491,6.948943324,-4.859714304,-0.338444366,-0.435471445,-25.4739146,72.80082446,-103.8687796,1027.226738,1909.311853,1
1.57056E+14,-3.882075988,-10.40690263,3.263934024,-3.107878344,-0.279389386,-0.701611865,-25.50824731,76.87543517,-99.36035221,1027.221772,1809.740444,1
1.57056E+14,-3.084928372,-1.866354748,1.860941899,-2.292916804,0.027707123,-0.329482614,-26.21810513,79.93053793,-98.94832541,1027.225583,1698.005353,1
1.57056E+14,-6.41217231,0.444574651,-1.794009652,-5.837085227,0.830570913,0.137256447,-25.95042822,82.1203471,-90.62676068,1027.225448,1586.58226,1
1.57056E+14,-8.804211255,-6.914095245,-2.660612023,2.886325183,2.378723812,0.447057144,-24.55481952,82.38377906,-93.63505482,1027.21542,1488.024663,1
1.57056E+14,-9.622866939,14.33693625,6.178324358,5.928997635,3.390717802,1.324005645,-20.42416037,77.31302981,-99.4693683,1027.21305,1414.840075,1
1.57056E+14,-17.168595,5.249393067,14.77654252,2.267681469,4.153475031,1.474587756,-15.33236675,74.58044864,-102.5785568,1027.185213,1370.021615,1
1.57056E+14,-18.55425489,-0.897816068,12.21529129,2.49071269,3.85781315,2.113064184,-9.243025515,70.44209741,-102.9737751,1027.156788,1335.448568,1
1.57056E+14,-18.44249499,-6.118274956,5.07024234,0.37834652,3.400020799,1.430693163,-8.097794202,68.49435297,-102.1830694,1027.15207,1290.160974,1
1.57056E+14,-18.41854325,-14.77721742,-1.845584476,-0.340660213,3.53532606,0.948700385,-1.447745597,68.72661708,-97.94694449,1027.13535,1213.19887,1
1.57056E+14,-17.812611,-20.5725278,0.093390288,-1.033172864,4.149696927,-0.401613798,-0.797797041,69.77512603,-94.32994275,1027.12568,1085.870125,1
1.57056E+14,-20.10617485,-17.66083677,4.658340792,-2.584613894,4.535762459,-1.497731292,1.00754779,70.97994811,-88.53873198,1027.134976,917.4203125,1
1.57056E+14,-24.00463715,-19.78743547,7.580698317,-2.96000637,3.168045996,-2.15756727,2.058035721,77.83055937,-82.07643058,1027.115769,735.8961122,1
1.57056E+14,-11.79430783,-9.874280671,9.638336896,-1.648073932,1.315864276,-1.710143711,0.878637323,77.03156348,-78.07053758,1027.115103,569.6943773,1
1.57056E+14,-9.00201746,-4.572172526,8.936875064,-2.189563061,1.906496619,-1.476314165,0.088390829,79.21466765,-74.66074733,1027.135521,447.1793008,1
1.57056E+14,-6.546915693,-5.353353452,5.203776487,-1.943198774,2.032562127,-0.37271608,1.237832183,80.93187985,-71.44297832,1027.135503,384.9677562,1
1.57056E+14,-8.000650673,-6.469075691,2.567882919,-1.838129771,2.071732067,0.539836733,-0.146882813,81.23001075,-67.58261083,1027.12581,370.5714028,1
1.57056E+14,-7.247439164,-2.687977889,0.585373282,-1.49154642,1.295057628,1.012349568,0.547111303,80.68961285,-63.46420127,1027.104479,387.0720323,1
1.57056E+14,-8.245336286,-3.845826046,-0.398671262,-1.468765976,1.373665023,1.840126049,1.222508097,79.37841166,-60.31723413,1027.095561,417.5514365,1
1.57056E+14,-9.882833365,-4.257989553,-2.556842961,-1.593099064,1.131382137,2.10332462,3.317855705,76.14124761,-58.15032731,1027.086063,445.8466631,1
1.57056E+14,-10.98991669,-1.848193907,-1.531405058,-1.48726749,0.63014293,2.394724708,3.842645041,73.90984057,-59.8134519,1027.073752,464.6891035,1
1.57056E+14,-10.86081988,-2.225448852,-3.367734934,-3.024216148,0.167925218,2.301599041,5.592019811,70.92008055,-55.11286919,1027.06555,472.603273,1
1.57056E+14,-10.6654554,-0.981833986,-3.853807654,-3.716303381,-0.188419424,2.458577232,7.659257742,65.87677549,-53.52085625,1027.065325,468.2127324,1
1.57056E+14,-9.459158475,1.844615926,-3.835515739,-4.152087642,-0.668066878,2.521294509,8.561242917,60.82521138,-52.66545983,1027.055536,450.1547189,1
1.57056E+14,-10.53591127,4.563526436,-2.451975189,-6.300994197,-0.963606078,2.547824008,8.757586218,55.14862492,-54.54230282,1027.055542,422.2551418,1
1.57056E+14,-12.47208948,7.535545422,-3.070477065,-9.054782925,-2.312180234,2.440999863,9.765145214,47.66248242,-58.79256379,1027.055733,401.3167583,1
1.57056E+14,-15.34300323,3.756110557,-1.950667839,-9.440401427,-2.418552933,2.017430912,9.981397781,41.87085594,-66.97369635,1027.035591,406.1379442,1
1.57057E+14,-12.89746646,-0.161527214,3.748811914,-7.597666743,-4.266978088,0.83444138,10.52678055,40.09057576,-75.62302954,1027.013542,455.5170755,1
1.57057E+14,-10.13402313,-7.052802224,2.675997069,-4.566841705,-5.466550063,0.573179613,8.900094092,37.53861453,-86.12703999,1026.996799,567.0571897,1
1.57057E+14,-6.837023885,-11.78792528,4.833719156,-0.062710651,-7.030674542,-0.966834462,8.068856757,37.66695318,-94.66625098,1026.975779,744.0179955,1
1.57057E+14,-13.68673756,-13.62386629,5.178630969,1.361078899,-5.496448309,-1.463331892,3.887448442,39.41149851,-100.3483936,1026.955834,980.1884143,1
1.57057E+14,-11.61162129,-12.28626611,4.960830654,1.304212315,-6.954989697,-4.322151808,1.72481597,39.74495681,-104.5036953,1026.93999,1269.189478,1
1.57057E+14,-12.70630884,-11.99316356,4.945624172,0.782739499,-6.4568464,-6.781137892,-2.606885314,44.17456279,-109.5975323,1026.935076,1604.624859,1
1.57057E+14,-10.92167111,-9.268409911,2.519838926,0.117844142,-5.559602488,-9.232901326,-7.339002341,49.62100684,-111.3117537,1026.945205,1972.578509,1
1.57057E+14,-7.938424463,-6.706989853,1.496991337,0.126649672,-4.067612113,-10.43427021,-10.95647994,53.07764207,-113.0253993,1026.955605,2339.899586,1
1.57057E+14,-5.616124918,-5.794936457,2.542156045,0.734636567,-2.618166226,-9.916153736,-15.56207183,56.10353809,-113.8568386,1026.954305,2670.405547,1
1.57057E+14,-5.592709897,-0.694446187,3.93767986,0.035002817,-1.863646791,-8.370463511,-17.96730394,58.64944478,-112.5538807,1026.954482,2927.913848,1
1.57057E+14,-4.921045586,-2.805846464,0.99640465,-2.631175582,-2.288936582,-7.102166016,-22.68172404,59.56625162,-110.8231425,1026.945584,3079.006056,1
1.57057E+14,-9.465733468,-1.598295394,-1.191495151,-3.794898714,-1.038950603,-4.465570263,-27.48257628,64.25116337,-111.6307548,1026.952881,3123.610136,1
1.57057E+14,-12.44119147,-2.154786569,-2.597854166,-5.027943457,-0.602551595,-2.29849339,-28.02132232,69.35340707,-105.4791776,1026.925701,3083.758519,1
1.57057E+14,-19.67369104,-5.310285432,-8.276607641,-2.977987609,0.776592089,1.297531288,-27.23483569,72.22021785,-103.5886887,1026.918092,2981.879511,1
1.57057E+14,-38.33930101,-7.770428875,42.63538067,4.112649661,1.830712804,0.458889718,-22.70482113,69.78985106,-107.0239346,1026.882249,2840.391887,1
1.57057E+14,-6.319073519,12.19954427,8.404176623,-0.948421748,-2.684773104,-1.319554352,-27.21329622,68.69599865,-106.9366701,1026.876033,2677.799568,1
1.57057E+14,-2.023189222,-9.107521155,6.56800983,-5.074749436,-0.26778203,-1.123572394,-28.65753989,71.52477507,-101.5417947,1026.895102,2502.681403,1
1.57057E+14,-2.453657729,2.60582497,17.2027495,-0.758882006,0.003551966,-0.663289918,-29.28957819,73.52464602,-99.66174659,1026.925348,2322.067028,1
1.57057E+14,-0.920347246,-6.788109138,12.17745682,-2.78161192,0.168635043,-0.927104828,-30.2442189,75.70986543,-97.94357711,1026.926401,2142.986078,1
1.57057E+14,4.078551139,-5.803819173,7.202471324,1.435993234,-0.337628921,-0.109733767,-29.24679178,73.95943746,-99.50826968,1026.925946,1972.411018,1
1.57057E+14,-2.535121804,-3.778525577,7.020386101,2.138241461,0.670691584,-0.990816159,-29.57395503,71.78543455,-101.9483978,1026.946196,1816.623207,1
1.57057E+14,-1.64751272,-3.385661664,8.960547225,1.619043258,0.257315401,-0.453500158,-30.26752993,70.48223159,-103.301797,1026.946174,1681.445214,1
1.57057E+14,-0.671036748,-1.700346831,9.391275952,0.156902659,0.180613174,-0.349875018,-29.59440708,70.69529004,-101.9723942,1026.945462,1572.691362,1
1.57057E+14,-1.641982208,-3.628062813,6.089960538,0.519976592,0.379477574,-0.219847589,-28.60314343,69.40400439,-104.0240421,1026.935724,1496.172849,1
1.57057E+14,-1.67385668,-2.229237378,7.892237171,1.642697427,0.391409035,0.100917486,-27.40171992,67.91685565,-105.8990586,1026.925579,1456.519157,1
1.57057E+14,-1.883123535,0.575514997,7.855781378,1.508026886,0.490300236,0.312859857,-28.04891076,64.72053744,-106.8790519,1026.925248,1455.405842,1
1.57057E+14,-3.72481163,0.841896427,9.226212243,0.767482425,0.606139803,0.562820014,-26.75314307,65.47045484,-105.7425971,1026.915198,1494.054458,1
1.57057E+14,-3.383808331,0.271280009,9.155784647,0.36776304,0.500776725,0.900306375,-25.50346041,63.56064162,-107.9241111,1026.915765,1573.686557,1
1.57057E+14,-3.652270799,-1.52917773,8.57807374,-0.072961545,0.460793686,0.953818418,-24.386147,64.41420855,-105.95104,1026.897841,1694.364316,1
1.57057E+14,-3.923862364,-2.572664776,9.637028629,0.134668524,0.691030902,1.049901905,-23.3108099,63.59492744,-107.4282566,1026.916286,1842.478165,1
1.57058E+14,-4.327990507,-3.409263785,10.491158,0.214351755,0.766521351,0.889846485,-24.49440809,64.73447475,-107.0198123,1026.909802,1995.505054,1
1.57058E+14,-3.97057407,-3.790745128,9.92228757,0.093811233,0.722282192,0.749899332,-21.54305158,62.80325308,-107.027761,1026.91559,2130.76914,1
1.57058E+14,-3.817704061,-3.288333006,10.85092972,-0.362836275,0.512670538,0.422971425,-22.63195394,63.04494543,-105.6978297,1026.90583,2225.613352,1
1.57058E+14,-4.22231628,-3.141559034,9.937896507,-1.422639044,0.091060032,0.151644687,-19.4787607,65.2556908,-105.9733617,1026.90564,2263.078828,1
1.57058E+14,-3.901782446,-3.482177907,8.597651538,-3.332627243,-0.244537338,0.016634549,-20.99720007,67.23953844,-102.3880686,1026.905562,2239.890613,1
1.57058E+14,-3.971719012,-5.203026739,5.316357981,-5.276343422,-0.463912071,-0.310689406,-22.71389778,73.6264087,-100.5530617,1026.913026,2154.785662,1
1.57058E+14,-3.715918672,-10.39520948,2.224647905,-4.172065632,-0.512268922,-0.494119879,-22.22445191,75.23808928,-95.07112422,1026.914061,2006.500931,1
1.57058E+14,-3.219435901,-3.452462288,2.952030135,-3.14534581,-0.196693387,-0.55739396,-24.32248067,77.71887122,-91.33155751,1026.905893,1796.05992,1
1.57058E+14,-5.730195015,-2.564607066,-0.751211601,-5.498171804,0.52751672,-0.147317973,-22.36928691,81.79527804,-83.46780164,1026.905767,1547.8886,1
1.57058E+14,-9.596684631,-9.211355183,-4.139450927,-0.179785309,1.865749704,0.258227644,-22.62722002,82.66383742,-84.30601546,1026.896894,1300.127347,1
1.57058E+14,-10.67067265,5.653820897,1.998815135,5.391580506,2.942067933,1.047305047,-21.84925186,79.74936029,-86.6427226,1026.884448,1091.090268,1
1.57058E+14,-13.94086418,9.785734155,8.672736209,3.186819394,3.699677329,1.532919925,-17.95458624,76.57264672,-92.19505227,1026.86707,958.9612505,1
1.57058E+14,-16.20086935,3.096657798,13.05326091,2.643830236,3.680342193,2.202064399,-13.38193976,75.61469885,-91.34587159,1026.824625,918.8240317,1
1.57058E+14,-18.80294922,-2.048584239,7.654400917,1.652330207,3.717838673,2.599267323,-8.987807098,72.78165288,-93.22392755,1026.805196,936.2774196,1
1.57058E+14,-18.18475179,-10.44021164,-1.340654428,-0.342454267,4.047705641,1.914838388,-6.25032202,71.69001119,-89.80833938,1026.80225,970.5318546,1
1.57058E+14,-20.77673044,-16.51647863,-4.537099571,-0.537523695,4.003190874,1.375075979,-2.84648048,71.13156942,-90.18947422,1026.795653,980.7977775,1
1.57058E+14,-19.24917953,-20.33454388,-0.292992684,-2.976166609,4.5699525,-0.15263078,-2.293879329,72.09853425,-80.24623751,1026.805431,929.7107555,1
1.57058E+14,-19.52235667,-28.26204876,1.583657258,-3.099963688,3.897522106,-1.708960129,-1.79965573,75.20930521,-76.45741194,1026.805663,819.1328516,1
1.57058E+14,-23.22026925,-18.64633666,9.232291875,-3.333504164,4.04898592,-2.083526654,-1.936216473,75.82104255,-69.08283068,1026.806855,675.9558965,1
1.57058E+14,-15.24364632,-11.30591174,11.0230538,-1.576366383,1.632577583,-2.228177937,-4.563402448,78.41682732,-66.84811153,1026.775876,527.4765852,1
1.57058E+14,-6.224306258,-4.124702376,4.097606696,-1.551176162,0.945988629,-2.221352221,-6.521785607,80.14724498,-64.46154146,1026.774491,400.970907,1
1.57058E+14,-4.438310426,-3.738741957,1.230830188,-1.081846306,1.695290099,-0.722519142,-6.772415578,80.79276512,-63.43985068,1026.769499,315.1578073,1
1.57058E+14,-8.886452249,-3.670496336,-0.546623903,-1.061316914,2.029229522,0.725357755,-6.612177102,79.16857916,-58.87764994,1026.795433,267.0393963,1
1.57058E+14,-4.99176306,-3.081799453,0.924592045,-0.584054386,0.893642534,0.696523684,-6.628619776,79.72540332,-57.81835195,1026.775821,250.224102,1
1.57058E+14,-6.773846924,-2.590314119,-0.779802776,-2.131163765,1.486264112,1.752330565,-5.028020382,77.81754119,-54.52719037,1026.775292,258.3203525,1
1.57058E+14,-9.985232235,-4.582729657,-3.076512656,-2.611267879,0.853142485,1.952275817,-5.890023611,75.2766628,-54.02126893,1026.776987,284.9365758,1
1.57058E+14,-9.30135648,-2.444186255,-2.482461581,-1.409706245,-0.447440402,1.865536234,-2.362092934,72.95305422,-51.2776341,1026.756042,323.6811998,1
1.57058E+14,-8.733625584,-0.735179915,-3.573736084,-2.485762231,-0.821829827,1.902983427,-0.624992403,70.03793779,-53.07348966,1026.745724,368.1626526,1
1.57058E+14,-9.694268314,0.793139262,-5.276650927,-4.352381411,-0.745317637,1.771662272,0.087798031,67.11353283,-50.29101586,1026.731643,411.9893622,1
1.57058E+14,-10.78999483,0.073080036,-5.159486818,-4.625880394,-1.244148692,1.896984622,1.818358413,61.96297306,-50.50440405,1026.705638,448.7780278,1
1.57059E+14,-11.13722787,3.813775124,-4.791975953,-4.972340789,-1.738208051,1.918713631,3.345792812,54.93828858,-51.78190192,1026.693741,474.4869226,1
1.57059E+14,-13.50211059,3.629146227,-5.002206777,-5.985789391,-2.484785612,1.894896848,4.634218495,49.61267656,-55.45284701,1026.665835,490.6221557,1
1.57059E+14,-12.05291987,5.36563956,-2.20430195,-5.705890002,-3.400251877,1.066691694,7.70582051,46.17795981,-60.51766277,1026.635891,499.4933308,1
1.57059E+14,-12.24844832,6.033972152,-0.977284934,-6.61321913,-3.561709603,0.996520882,7.393021919,42.50817796,-67.85212033,1026.625954,503.4100515,1
1.57059E+14,-12.22636772,-0.737588923,0.590015587,-6.180524518,-3.932479437,0.049932204,8.004340066,42.0790257,-74.74230145,1026.625373,505.430198,1
1.57059E+14,-11.51902695,-7.843186266,4.689503259,-3.635256241,-5.102263237,0.123121539,8.430686816,40.81512238,-82.71083613,1026.621137,517.0190434,1
1.57059E+14,-8.960912755,-5.638322353,4.468317326,0.168026621,-6.288719308,-1.244804416,7.725959276,41.04920611,-90.20537498,1026.616002,554.9307841,1
1.57059E+14,-8.276583007,-10.57639171,3.385269346,1.856205893,-5.741347648,-1.298967302,4.239530571,42.42885987,-95.62945335,1026.587926,636.001885,1
1.57059E+14,-11.30692988,-6.336960931,6.045330149,3.20849064,-5.954790859,-2.064078357,1.47912332,41.72650248,-98.4898881,1026.576101,777.0399128,1
1.57059E+14,-9.552967064,-8.785582043,6.95104036,1.220779108,-5.925603956,-3.999537777,-0.462603859,42.0299357,-105.088066,1026.555638,985.6591537,1
1.57059E+14,-11.75420117,-12.58323689,3.125869661,0.737066564,-5.035384161,-6.2188392,-3.728442148,45.44126548,-105.8473774,1026.555652,1247.200953,1
1.57059E+14,-11.3845968,-10.45632797,2.577036597,1.266844044,-4.692824484,-8.585965973,-6.395216418,49.47260203,-108.9634608,1026.566253,1543.6996,1
1.57059E+14,-8.425242245,-6.865911986,2.579421997,1.290487055,-4.568810771,-9.639100473,-10.45596979,50.39923659,-110.7262337,1026.546031,1857.189383,1
1.57059E+14,-5.527970142,-5.917336238,1.853431133,0.332589243,-3.744917538,-9.762984231,-15.05685749,56.15698867,-111.9790896,1026.545878,2169.245239,1
1.57059E+14,-4.302342653,-1.597661004,1.762522546,-1.097189209,-2.699060231,-8.903991725,-19.56716787,57.74300904,-110.9820655,1026.545604,2456.184838,1
1.57059E+14,-4.69195804,-4.702005926,1.784393687,-3.96815869,-2.231647521,-7.313140043,-24.68511909,60.80905587,-111.230621,1026.545809,2690.972915,1
1.57059E+14,-10.92487013,-3.262777992,-1.147031983,-4.829789413,-0.221269937,-4.337443468,-27.28585877,66.10064191,-108.7889354,1026.535985,2846.520044,1
1.57059E+14,-12.42064345,-0.865802087,-1.246594648,-4.407478709,-0.010792569,-2.124396532,-27.49409466,69.83504075,-102.8797258,1026.519613,2895.791691,1
1.57059E+14,-18.65799841,-4.534603183,-0.488685111,-3.17478069,0.979362194,0.680089048,-27.71667476,72.0360621,-102.2149634,1026.495832,2828.416692,1
1.57059E+14,-32.60791423,-3.431559284,14.83769864,-0.576615567,-1.729339067,3.070549239,-27.20474342,73.36940311,-101.5963961,1026.454879,2674.039962,1
1.57059E+14,-9.498205186,3.150126956,18.00895457,-1.823807838,-1.990693257,-0.384732183,-30.0118253,72.57020223,-99.39021662,1026.4558,2468.189874,1
1.57059E+14,0.240087873,-2.056445285,7.54784947,-1.509043835,-0.108244286,-2.223473525,-31.09510876,76.40912539,-97.91679641,1026.471335,2246.394806,1
1.57059E+14,0.817021882,-2.148850983,12.55808633,-0.793342631,0.879881413,-1.163427209,-32.11797139,74.82912364,-97.55336185,1026.507576,2042.436328,1
1.57059E+14,-0.718907413,-4.636576138,13.35731405,-0.311451477,0.19793008,-0.546142245,-29.83679346,75.61580413,-97.57928563,1026.493406,1870.456594,1
1.57059E+14,-4.12869054,-2.743473311,9.162077034,1.060934661,-0.273811474,0.204388143,-31.00760565,75.04969574,-95.50480423,1026.505829,1732.236933,1
1.57059E+14,1.46282174,-7.835343879,7.600942166,0.940708903,0.537265636,-0.477647158,-31.7632161,74.25493311,-99.55449357,1026.524827,1629.366137,1
1.57059E+14,-3.799431786,-2.081313069,8.562410013,2.772674562,0.753669158,-0.044483404,-29.56354248,71.64434016,-100.7733631,1026.545576,1563.426912,1
1.57059E+14,-1.312008315,-2.740177813,8.768509508,0.659217129,0.127341278,-0.02781906,-30.15314115,70.3323396,-102.7282844,1026.535647,1534.059519,1
1.57059E+14,-1.211922,-2.356527639,8.155652048,1.31020593,0.263668147,0.169442551,-29.33727787,69.64096053,-103.245135,1026.51633,1536.195738,1
1.57059E+14,-1.734662789,0.593402858,7.972871947,1.65463778,0.469525841,0.416718638,-27.69788252,67.6028734,-104.8865887,1026.516078,1564.067834,1
1.5706E+14,-2.688878962,-0.514691044,9.38549942,1.144097106,0.468127837,0.672077495,-27.16372474,67.27108983,-105.5408907,1026.515868,1611.908074,1
1.5706E+14,-3.098673967,0.408440134,9.488052839,0.697866603,0.404863194,0.936908695,-28.23082404,67.06355365,-107.4549516,1026.505838,1673.961944,1
1.5706E+14,-3.781539446,-0.818621071,9.389398308,0.464620104,0.477248536,1.104238898,-25.45770025,67.11441672,-107.0654436,1026.495885,1744.61721,1
1.5706E+14,-2.371150581,-1.898728622,8.828736299,0.4614849,0.496222071,1.120972961,-24.11840969,65.94732416,-107.0005904,1026.505328,1818.348288,1
1.5706E+14,-4.389968252,-3.310284352,9.702558258,0.159711379,0.66965458,0.820544124,-23.35386121,64.69491298,-106.1087012,1026.484775,1889.630824,1
1.5706E+14,-4.233077608,-2.325305064,9.848335769,0.087740763,0.456324682,0.775688558,-22.29425327,64.04876722,-108.1690674,1026.474099,1952.941571,1
1.5706E+14,-2.819729238,-3.279856954,10.58790354,-0.479720618,0.296779333,0.586410514,-22.16975908,64.14521435,-106.4340222,1026.496785,2002.983608,1
1.5706E+14,-3.372668464,-3.861504743,9.360979059,-1.115482146,0.097715013,0.214167983,-21.83426109,65.86551554,-106.501916,1026.495083,2034.960717,1
1.5706E+14,-3.931101583,-3.661239203,9.560712852,-2.010371539,-0.11833492,0.082407659,-20.84904121,67.05550966,-105.5370508,1026.492239,2044.143771,1
1.5706E+14,-2.7477188,-4.228710863,7.424765368,-2.752918077,-0.338099107,-0.219720827,-21.77672369,71.75972881,-102.8497053,1026.475786,2025.803646,1
1.5706E+14,-2.802937392,-7.631589979,5.903154888,-3.513325194,-0.224216356,-0.833019787,-22.76545128,72.61453985,-99.59811912,1026.497154,1976.432183,1
1.5706E+14,-3.658722352,-6.963217061,5.539070759,-1.996939401,-0.071234661,-1.006181373,-24.2698642,74.08580052,-98.74286067,1026.496013,1904.369658,1
1.5706E+14,-3.914938656,-2.160485502,2.288199767,-2.052264789,0.149045169,-0.590573791,-22.02262698,76.46053028,-95.97892301,1026.475004,1824.616645,1
1.5706E+14,-6.113901645,-2.576273571,-0.349555305,-1.932152443,1.052948267,-0.248998602,-22.77516607,76.46399288,-93.80450168,1026.473028,1752.247853,1
1.5706E+14,-10.07879217,-1.770174424,0.942276588,2.047554663,2.415923888,0.406577568,-21.69827764,76.80619219,-94.12150437,1026.475191,1702.255648,1
